-- phpMyAdmin SQL Dump
-- version 5.2.0
-- https://www.phpmyadmin.net/
--
-- Servidor: 127.0.0.1
-- Tiempo de generación: 13-07-2022 a las 21:25:28
-- Versión del servidor: 10.4.24-MariaDB
-- Versión de PHP: 8.1.6

SET SQL_MODE = "NO_AUTO_VALUE_ON_ZERO";
START TRANSACTION;
SET time_zone = "+00:00";


/*!40101 SET @OLD_CHARACTER_SET_CLIENT=@@CHARACTER_SET_CLIENT */;
/*!40101 SET @OLD_CHARACTER_SET_RESULTS=@@CHARACTER_SET_RESULTS */;
/*!40101 SET @OLD_COLLATION_CONNECTION=@@COLLATION_CONNECTION */;
/*!40101 SET NAMES utf8mb4 */;

--
-- Base de datos: `dispensadorm2`
--

-- --------------------------------------------------------

--
-- Estructura de tabla para la tabla `almacenamiento`
--

CREATE TABLE `almacenamiento` (
  `distancia` int(11) NOT NULL
) ENGINE=InnoDB DEFAULT CHARSET=utf8mb4;

-- --------------------------------------------------------

--
-- Estructura de tabla para la tabla `logs`
--

CREATE TABLE `logs` (
  `identificador` int(11) NOT NULL,
  `nombre` varchar(255) NOT NULL,
  `rfid` varchar(255) NOT NULL,
  `horaEntrada` timestamp NOT NULL DEFAULT current_timestamp(),
  `horaSalida` timestamp NOT NULL DEFAULT current_timestamp()
) ENGINE=InnoDB DEFAULT CHARSET=utf8mb4;

--
-- Volcado de datos para la tabla `logs`
--

INSERT INTO `logs` (`identificador`, `nombre`, `rfid`, `horaEntrada`, `horaSalida`) VALUES
(1, 'Rex', '99F5FCB8', '2022-07-11 19:20:58', '2022-07-11 19:26:24'),
(2, 'Luna', '33159002', '2022-07-11 19:26:43', '2022-07-11 19:35:31'),
(3, 'Rex', '99F5FCB8', '2022-07-11 19:26:38', '2022-07-11 19:35:51'),
(4, 'Rex', '99F5FCB8', '2022-07-11 19:36:04', '2022-07-11 19:36:18'),
(5, 'Rex', '99F5FCB8', '2022-07-11 19:36:31', '2022-07-11 19:41:45'),
(6, 'Rex', '99F5FCB8', '2022-07-11 19:50:56', '2022-07-11 19:51:15'),
(7, 'Luna', '33159002', '2022-07-11 19:51:48', '2022-07-11 19:52:02'),
(8, 'Rex', '99F5FCB8', '2022-07-11 19:59:16', '2022-07-11 19:59:26'),
(9, 'Rex', '99F5FCB8', '2022-07-11 19:59:39', '2022-07-11 21:01:57'),
(10, 'Rex', '99F5FCB8', '2022-07-11 21:02:07', '2022-07-11 21:02:16'),
(11, 'Luna', '33159002', '2022-07-11 21:02:48', '2022-07-11 21:03:01'),
(12, 'Luna', '33159002', '2022-07-11 21:10:28', '2022-07-11 21:10:36'),
(13, 'Luna', '33159002', '2022-07-11 21:18:54', '2022-07-11 21:19:02'),
(14, 'Rex', '99F5FCB8', '2022-07-11 21:36:00', '2022-07-11 21:36:12'),
(15, 'Luna', '33159002', '2022-07-11 21:36:19', '2022-07-11 21:39:20'),
(16, 'Luna', '33159002', '2022-07-11 23:07:04', '2022-07-11 23:07:30'),
(17, 'Luna', '33159002', '2022-07-11 23:07:44', '2022-07-11 23:07:57'),
(18, 'Luna', '33159002', '2022-07-12 00:47:03', '2022-07-12 00:47:46'),
(19, 'Luna', '33159002', '2022-07-12 00:48:14', '2022-07-12 01:09:18'),
(20, 'Luna', '33159002', '2022-07-12 16:21:49', '2022-07-12 16:21:52'),
(21, 'Rex', '99F5FCB8', '2022-07-12 16:21:55', '2022-07-12 16:22:00'),
(22, 'Rex', '99F5FCB8', '2022-07-12 16:23:11', '2022-07-12 16:23:15'),
(23, 'Luna', '33159002', '2022-07-12 16:23:27', '2022-07-12 16:23:34'),
(24, 'Luna', '33159002', '2022-07-12 16:24:02', '2022-07-12 16:24:05'),
(25, 'Rex', '99F5FCB8', '2022-07-12 16:24:12', '2022-07-12 16:24:16'),
(26, 'Rex', '99F5FCB8', '2022-07-12 16:29:25', '2022-07-12 16:29:30'),
(27, 'Rex', '99F5FCB8', '2022-07-12 16:29:41', '2022-07-12 16:29:46'),
(28, 'Rex', '99F5FCB8', '2022-07-12 16:33:18', '2022-07-12 16:33:24'),
(29, 'Rex', '99F5FCB8', '2022-07-12 16:33:35', '2022-07-12 16:33:40'),
(30, 'Rex', '99F5FCB8', '2022-07-12 16:47:00', '2022-07-12 16:47:20'),
(31, 'Rex', '99F5FCB8', '2022-07-12 16:47:34', '2022-07-12 16:47:45'),
(32, 'Luna', '33159002', '2022-07-12 19:07:49', '2022-07-12 19:08:06'),
(33, 'Luna', '33159002', '2022-07-12 20:28:57', '2022-07-12 20:29:10'),
(34, 'Luna', '33159002', '2022-07-12 20:29:41', '2022-07-12 20:29:50'),
(35, 'Rex', '99F5FCB8', '2022-07-12 20:30:40', '2022-07-12 20:31:04'),
(36, 'Rex', '99F5FCB8', '2022-07-12 20:32:03', '2022-07-12 20:32:25'),
(37, 'Rex', '99F5FCB8', '2022-07-12 20:32:40', '2022-07-12 20:32:50'),
(38, 'Luna', '33159002', '2022-07-12 20:30:02', '2022-07-12 20:37:00'),
(39, 'Luna', '33159002', '2022-07-12 20:37:12', '2022-07-12 20:37:19'),
(40, 'Rex', '99F5FCB8', '2022-07-12 20:47:24', '2022-07-12 20:47:33'),
(41, 'Rex', '99F5FCB8', '2022-07-12 20:47:49', '2022-07-12 20:47:58'),
(42, 'Rex', '99F5FCB8', '2022-07-12 20:55:09', '2022-07-12 20:55:18'),
(43, 'Rex', '99F5FCB8', '2022-07-12 20:55:30', '2022-07-12 20:55:38'),
(44, 'Rex', '99F5FCB8', '2022-07-12 21:01:05', '2022-07-12 21:01:21'),
(45, 'Rex', '99F5FCB8', '2022-07-12 21:02:56', '2022-07-12 21:03:04'),
(46, 'Rex', '99F5FCB8', '2022-07-12 21:06:47', '2022-07-12 21:06:55'),
(47, 'Rex', '99F5FCB8', '2022-07-12 21:08:43', '2022-07-12 21:08:53'),
(48, 'Rex', '99F5FCB8', '2022-07-12 21:09:05', '2022-07-12 21:09:38'),
(49, 'Rex', '99F5FCB8', '2022-07-12 21:09:56', '2022-07-12 21:10:08'),
(50, 'Rex', '99F5FCB8', '2022-07-12 21:10:24', '2022-07-12 21:11:10'),
(51, 'Rex', '99F5FCB8', '2022-07-12 21:11:21', '2022-07-12 21:11:30'),
(52, 'Rex', '99F5FCB8', '2022-07-12 21:11:53', '2022-07-12 21:12:13'),
(53, 'Rex', '99F5FCB8', '2022-07-12 21:12:23', '2022-07-12 21:12:30'),
(54, 'Rex', '99F5FCB8', '2022-07-12 21:12:40', '2022-07-12 21:12:52'),
(55, 'Rex', '99F5FCB8', '2022-07-12 21:13:04', '2022-07-12 21:13:54'),
(56, 'Rex', '99F5FCB8', '2022-07-12 22:43:49', '2022-07-12 22:44:05'),
(57, 'Rex', '99F5FCB8', '2022-07-12 22:45:10', '2022-07-12 22:45:23'),
(58, 'Rex', '99F5FCB8', '2022-07-12 22:48:55', '2022-07-12 22:49:08'),
(59, 'Rex', '99F5FCB8', '2022-07-12 22:49:19', '2022-07-12 22:49:32'),
(60, 'Rex', '99F5FCB8', '2022-07-12 22:51:07', '2022-07-12 22:51:28'),
(61, 'Rex', '99F5FCB8', '2022-07-12 22:51:40', '2022-07-12 22:51:50'),
(62, 'Rex', '99F5FCB8', '2022-07-12 23:23:37', '2022-07-12 23:23:48'),
(63, 'Rex', '99F5FCB8', '2022-07-12 23:24:00', '2022-07-12 23:26:53'),
(64, 'Rex', '99F5FCB8', '2022-07-12 23:27:06', '2022-07-12 23:27:14'),
(65, 'Rex', '99F5FCB8', '2022-07-12 23:28:28', '2022-07-12 23:28:38'),
(66, 'Rex', '99F5FCB8', '2022-07-12 23:29:31', '2022-07-12 23:29:39'),
(67, 'Rex', '99F5FCB8', '2022-07-12 23:30:14', '2022-07-12 23:30:25'),
(68, 'Rex', '99F5FCB8', '2022-07-12 23:31:49', '2022-07-12 23:31:57'),
(69, 'Rex', '99F5FCB8', '2022-07-12 23:34:30', '2022-07-12 23:34:38'),
(70, 'Rex', '99F5FCB8', '2022-07-12 23:36:01', '2022-07-12 23:36:09'),
(71, 'Rex', '99F5FCB8', '2022-07-12 23:36:35', '2022-07-12 23:36:43'),
(72, 'Rex', '99F5FCB8', '2022-07-12 23:37:45', '2022-07-12 23:37:53'),
(73, 'Rex', '99F5FCB8', '2022-07-12 23:38:23', '2022-07-12 23:38:31'),
(74, 'Rex', '99F5FCB8', '2022-07-12 23:40:19', '2022-07-12 23:40:27'),
(75, 'Rex', '99F5FCB8', '2022-07-12 23:41:30', '2022-07-12 23:41:38'),
(76, 'Rex', '99F5FCB8', '2022-07-12 23:58:14', '2022-07-12 23:58:25'),
(77, 'Rex', '99F5FCB8', '2022-07-13 05:00:10', '2022-07-13 05:00:22'),
(78, 'Rex', '99F5FCB8', '2022-07-13 05:07:47', '2022-07-13 05:07:58'),
(79, 'Rex', '99F5FCB8', '2022-07-13 05:08:11', '2022-07-13 05:08:18'),
(80, 'Rex', '99F5FCB8', '2022-07-13 05:08:40', '2022-07-13 05:08:46'),
(81, 'Rex', '99F5FCB8', '2022-07-13 05:16:29', '2022-07-13 05:16:50'),
(82, 'Rex', '99F5FCB8', '2022-07-13 05:17:05', '2022-07-13 05:17:13'),
(83, 'Rex', '99F5FCB8', '2022-07-13 05:24:06', '2022-07-13 05:24:14'),
(84, 'Rex', '99F5FCB8', '2022-07-13 05:24:43', '2022-07-13 05:24:51'),
(85, 'Rex', '99F5FCB8', '2022-07-13 05:34:15', '2022-07-13 05:34:25'),
(86, 'Rex', '99F5FCB8', '2022-07-13 05:35:02', '2022-07-13 05:35:10'),
(87, 'Rex', '99F5FCB8', '2022-07-13 05:36:21', '2022-07-13 05:36:30'),
(88, 'Rex', '99F5FCB8', '2022-07-13 05:36:54', '2022-07-13 05:37:10'),
(89, 'Rex', '99F5FCB8', '2022-07-13 05:37:28', '2022-07-13 05:37:38'),
(90, 'Rex', '99F5FCB8', '2022-07-13 05:37:59', '2022-07-13 05:38:12'),
(91, 'Rex', '99F5FCB8', '2022-07-13 05:38:55', '2022-07-13 05:39:05'),
(92, 'Rex', '99F5FCB8', '2022-07-13 05:50:04', '2022-07-13 05:50:19'),
(93, 'Rex', '99F5FCB8', '2022-07-13 05:50:32', '2022-07-13 05:50:50'),
(94, 'Rex', '99F5FCB8', '2022-07-13 05:51:13', '2022-07-13 05:51:22'),
(95, 'Rex', '99F5FCB8', '2022-07-13 05:52:39', '2022-07-13 05:52:49'),
(96, 'Rex', '99F5FCB8', '2022-07-13 05:59:12', '2022-07-13 05:59:22'),
(97, 'Rex', '99F5FCB8', '2022-07-13 06:01:15', '2022-07-13 06:01:22'),
(98, 'Rex', '99F5FCB8', '2022-07-13 06:02:51', '2022-07-13 06:02:58'),
(99, 'Rex', '99F5FCB8', '2022-07-13 06:09:56', '2022-07-13 06:10:10'),
(100, 'Rex', '99F5FCB8', '2022-07-13 06:14:38', '2022-07-13 06:14:46'),
(101, 'Rex', '99F5FCB8', '2022-07-13 06:15:39', '2022-07-13 06:15:49'),
(102, 'Rex', '99F5FCB8', '2022-07-13 06:21:27', '2022-07-13 06:21:35'),
(103, 'Rex', '99F5FCB8', '2022-07-13 06:31:54', '2022-07-13 06:32:05'),
(104, 'Rex', '99F5FCB8', '2022-07-13 07:01:25', '2022-07-13 07:01:32'),
(105, 'Rex', '99F5FCB8', '2022-07-13 07:03:35', '2022-07-13 07:03:44'),
(106, 'Rex', '99F5FCB8', '2022-07-13 07:07:04', '2022-07-13 07:07:11'),
(107, 'Rex', '99F5FCB8', '2022-07-13 07:10:05', '2022-07-13 07:10:13'),
(108, 'Rex', '99F5FCB8', '2022-07-13 07:15:16', '2022-07-13 07:15:23'),
(109, 'Rex', '99F5FCB8', '2022-07-13 07:15:33', '2022-07-13 07:15:43'),
(110, 'Rex', '99F5FCB8', '2022-07-13 07:17:31', '2022-07-13 07:17:39'),
(111, 'Rex', '99F5FCB8', '2022-07-13 07:18:22', '2022-07-13 07:18:30'),
(112, 'Rex', '99F5FCB8', '2022-07-13 07:25:07', '2022-07-13 07:25:15'),
(113, 'Rex', '99F5FCB8', '2022-07-13 07:32:34', '2022-07-13 07:32:41'),
(114, 'Rex', '99F5FCB8', '2022-07-13 07:32:51', '2022-07-13 07:32:59'),
(115, 'Rex', '99F5FCB8', '2022-07-13 07:35:09', '2022-07-13 07:35:10'),
(116, 'Rex', '99F5FCB8', '2022-07-13 07:35:23', '2022-07-13 07:35:25'),
(117, 'Rex', '99F5FCB8', '2022-07-13 07:35:38', '2022-07-13 07:35:48'),
(118, 'Rex', '99F5FCB8', '2022-07-13 07:40:46', '2022-07-13 07:40:54'),
(119, 'Rex', '99F5FCB8', '2022-07-13 07:43:20', '2022-07-13 07:43:28'),
(120, 'Rex', '99F5FCB8', '2022-07-13 15:33:45', '2022-07-13 15:33:56'),
(121, 'Rex', '99F5FCB8', '2022-07-13 15:34:58', '2022-07-13 15:35:06'),
(122, 'Rex', '99F5FCB8', '2022-07-13 15:35:36', '2022-07-13 15:35:50'),
(123, 'Rex', '99F5FCB8', '2022-07-13 15:44:30', '2022-07-13 15:44:40'),
(124, 'Rex', '99F5FCB8', '2022-07-13 15:46:37', '2022-07-13 15:46:51'),
(125, 'Rex', '99F5FCB8', '2022-07-13 15:47:06', '2022-07-13 15:47:13'),
(126, 'Luna', '33159002', '2022-07-13 15:47:21', '2022-07-13 15:47:34'),
(127, 'Luna', '33159002', '2022-07-13 15:47:48', '2022-07-13 15:47:54'),
(128, 'Rex', '99F5FCB8', '2022-07-13 15:48:19', '2022-07-13 15:48:30'),
(129, 'Luna', '33159002', '2022-07-13 15:50:16', '2022-07-13 15:50:21'),
(130, 'Luna', '33159002', '2022-07-13 15:52:53', '2022-07-13 15:52:55'),
(131, 'Luna', '33159002', '2022-07-13 15:54:29', '2022-07-13 15:54:35'),
(132, 'Luna', '33159002', '2022-07-13 15:58:56', '2022-07-13 15:59:02'),
(133, 'Luna', '33159002', '2022-07-13 15:59:17', '2022-07-13 15:59:25'),
(134, 'Luna', '33159002', '2022-07-13 16:03:51', '2022-07-13 16:03:55'),
(135, 'Luna', '33159002', '2022-07-13 16:05:10', '2022-07-13 16:05:17'),
(136, 'Luna', '33159002', '2022-07-13 16:06:24', '2022-07-13 16:06:40'),
(137, 'Luna', '33159002', '2022-07-13 16:12:28', '2022-07-13 16:12:43'),
(138, 'Luna', '33159002', '2022-07-13 16:22:08', '2022-07-13 16:22:17'),
(139, 'Luna', '33159002', '2022-07-13 16:23:46', '2022-07-13 16:23:54'),
(140, 'Luna', '33159002', '2022-07-13 16:24:24', '2022-07-13 16:24:32'),
(141, 'Luna', '33159002', '2022-07-13 16:30:49', '2022-07-13 16:30:57'),
(142, 'Luna', '33159002', '2022-07-13 16:31:38', '2022-07-13 16:31:47'),
(143, 'Luna', '33159002', '2022-07-13 16:33:53', '2022-07-13 16:33:55'),
(144, 'Luna', '33159002', '2022-07-13 16:34:14', '2022-07-13 16:34:22'),
(145, 'Luna', '33159002', '2022-07-13 16:40:18', '2022-07-13 16:40:25'),
(146, 'Luna', '33159002', '2022-07-13 16:41:04', '2022-07-13 16:41:12'),
(147, 'Luna', '33159002', '2022-07-13 16:53:08', '2022-07-13 16:54:14'),
(148, 'Luna', '33159002', '2022-07-13 16:54:28', '2022-07-13 16:54:38'),
(149, 'Luna', '33159002', '2022-07-13 18:33:17', '2022-07-13 18:33:26'),
(150, 'Luna', '33159002', '2022-07-13 18:34:09', '2022-07-13 18:34:20'),
(151, 'Luna', '33159002', '2022-07-13 18:34:52', '2022-07-13 18:35:03'),
(152, 'Luna', '33159002', '2022-07-13 18:35:13', '2022-07-13 18:35:22'),
(153, 'Luna', '33159002', '2022-07-13 18:35:34', '2022-07-13 18:35:45');

-- --------------------------------------------------------

--
-- Estructura de tabla para la tabla `perros`
--

CREATE TABLE `perros` (
  `identificador` int(11) NOT NULL,
  `id` varchar(255) NOT NULL,
  `nombre` varchar(255) NOT NULL,
  `foto` varchar(255) NOT NULL,
  `sexo` enum('Macho','Hembra') NOT NULL,
  `raza` varchar(255) NOT NULL,
  `edad` int(11) NOT NULL,
  `peso` int(11) NOT NULL,
  `racion` int(11) NOT NULL,
  `turnos` int(11) NOT NULL,
  `cooldown` int(11) NOT NULL,
  `veces` varchar(255) NOT NULL,
  `ultimaEntrada` timestamp NOT NULL DEFAULT current_timestamp(),
  `ultimaSalida` timestamp NOT NULL DEFAULT current_timestamp(),
  `entro` tinyint(1) NOT NULL
) ENGINE=InnoDB DEFAULT CHARSET=utf8mb4;

--
-- Volcado de datos para la tabla `perros`
--

INSERT INTO `perros` (`identificador`, `id`, `nombre`, `foto`, `sexo`, `raza`, `edad`, `peso`, `racion`, `turnos`, `cooldown`, `veces`, `ultimaEntrada`, `ultimaSalida`, `entro`) VALUES
(173, '99F5FCB8', 'Rex', 'doberman.jpg', 'Macho', 'Doberman', 8, 30, 5000, 50, 3, '50', '2022-07-13 15:48:19', '2022-07-13 15:48:30', 0),
(176, '33159002', 'Luna', 'mascotas-perros-razas-caniche-668x400x80xX.jpg', 'Hembra', 'Caniche', 23, 2, 100000, 1000, 3, '27', '2022-07-13 18:35:34', '2022-07-13 18:35:45', 0);

-- --------------------------------------------------------

--
-- Estructura de tabla para la tabla `usuarios`
--

CREATE TABLE `usuarios` (
  `id` int(11) NOT NULL,
  `user` varchar(255) NOT NULL,
  `email` text NOT NULL,
  `pass` varchar(255) NOT NULL,
  `rol` tinyint(4) NOT NULL,
  `estado` tinyint(1) NOT NULL,
  `creado` timestamp NOT NULL DEFAULT current_timestamp()
) ENGINE=InnoDB DEFAULT CHARSET=utf8mb4;

--
-- Volcado de datos para la tabla `usuarios`
--

INSERT INTO `usuarios` (`id`, `user`, `email`, `pass`, `rol`, `estado`, `creado`) VALUES
(1, 'gaston', 'gastonmourelle99@gmail.com', 'dispensadorm2', 1, 0, '2022-07-03 06:23:19'),
(14, 'luis', 'luis@kjasd.com', 'luis', 0, 0, '2022-07-04 23:02:28'),
(15, 'mourelle', 'gbhf@gmail.com', 'mourelle', 0, 0, '2022-07-12 01:25:28');

--
-- Índices para tablas volcadas
--

--
-- Indices de la tabla `logs`
--
ALTER TABLE `logs`
  ADD PRIMARY KEY (`identificador`);

--
-- Indices de la tabla `perros`
--
ALTER TABLE `perros`
  ADD PRIMARY KEY (`identificador`);

--
-- Indices de la tabla `usuarios`
--
ALTER TABLE `usuarios`
  ADD PRIMARY KEY (`id`);

--
-- AUTO_INCREMENT de las tablas volcadas
--

--
-- AUTO_INCREMENT de la tabla `logs`
--
ALTER TABLE `logs`
  MODIFY `identificador` int(11) NOT NULL AUTO_INCREMENT, AUTO_INCREMENT=154;

--
-- AUTO_INCREMENT de la tabla `perros`
--
ALTER TABLE `perros`
  MODIFY `identificador` int(11) NOT NULL AUTO_INCREMENT, AUTO_INCREMENT=183;

--
-- AUTO_INCREMENT de la tabla `usuarios`
--
ALTER TABLE `usuarios`
  MODIFY `id` int(11) NOT NULL AUTO_INCREMENT, AUTO_INCREMENT=16;
COMMIT;

/*!40101 SET CHARACTER_SET_CLIENT=@OLD_CHARACTER_SET_CLIENT */;
/*!40101 SET CHARACTER_SET_RESULTS=@OLD_CHARACTER_SET_RESULTS */;
/*!40101 SET COLLATION_CONNECTION=@OLD_COLLATION_CONNECTION */;
