-- phpMyAdmin SQL Dump
-- version 5.2.0
-- https://www.phpmyadmin.net/
--
-- Servidor: 127.0.0.1
-- Tiempo de generación: 15-07-2022 a las 16:35:48
-- Versión del servidor: 10.4.24-MariaDB
-- Versión de PHP: 8.1.6

SET SQL_MODE = "NO_AUTO_VALUE_ON_ZERO";
START TRANSACTION;
SET time_zone = "+00:00";


/*!40101 SET @OLD_CHARACTER_SET_CLIENT=@@CHARACTER_SET_CLIENT */;
/*!40101 SET @OLD_CHARACTER_SET_RESULTS=@@CHARACTER_SET_RESULTS */;
/*!40101 SET @OLD_COLLATION_CONNECTION=@@COLLATION_CONNECTION */;
/*!40101 SET NAMES utf8mb4 */;

--
-- Base de datos: `dispensadorm2`
--

-- --------------------------------------------------------

--
-- Estructura de tabla para la tabla `almacenamiento`
--

CREATE TABLE `almacenamiento` (
  `ultrasonido` int(11) NOT NULL
) ENGINE=InnoDB DEFAULT CHARSET=utf8mb4;

--
-- Volcado de datos para la tabla `almacenamiento`
--

INSERT INTO `almacenamiento` (`ultrasonido`) VALUES
(118);

-- --------------------------------------------------------

--
-- Estructura de tabla para la tabla `logs`
--

CREATE TABLE `logs` (
  `identificador` int(11) NOT NULL,
  `nombre` varchar(255) NOT NULL,
  `rfid` varchar(255) NOT NULL,
  `horaEntrada` timestamp NOT NULL DEFAULT current_timestamp(),
  `horaSalida` timestamp NOT NULL DEFAULT current_timestamp(),
  `peso` int(11) NOT NULL
) ENGINE=InnoDB DEFAULT CHARSET=utf8mb4;

--
-- Volcado de datos para la tabla `logs`
--

INSERT INTO `logs` (`identificador`, `nombre`, `rfid`, `horaEntrada`, `horaSalida`, `peso`) VALUES
(1, 'Rex', '99F5FCB8', '2022-07-11 19:20:58', '2022-07-11 19:26:24', 0),
(2, 'Luna', '33159002', '2022-07-11 19:26:43', '2022-07-11 19:35:31', 0),
(3, 'Rex', '99F5FCB8', '2022-07-11 19:26:38', '2022-07-11 19:35:51', 0),
(4, 'Rex', '99F5FCB8', '2022-07-11 19:36:04', '2022-07-11 19:36:18', 0),
(5, 'Rex', '99F5FCB8', '2022-07-11 19:36:31', '2022-07-11 19:41:45', 0),
(6, 'Rex', '99F5FCB8', '2022-07-11 19:50:56', '2022-07-11 19:51:15', 0),
(7, 'Luna', '33159002', '2022-07-11 19:51:48', '2022-07-11 19:52:02', 0),
(8, 'Rex', '99F5FCB8', '2022-07-11 19:59:16', '2022-07-11 19:59:26', 0),
(9, 'Rex', '99F5FCB8', '2022-07-11 19:59:39', '2022-07-11 21:01:57', 0),
(10, 'Rex', '99F5FCB8', '2022-07-11 21:02:07', '2022-07-11 21:02:16', 0),
(11, 'Luna', '33159002', '2022-07-11 21:02:48', '2022-07-11 21:03:01', 0),
(12, 'Luna', '33159002', '2022-07-11 21:10:28', '2022-07-11 21:10:36', 0),
(13, 'Luna', '33159002', '2022-07-11 21:18:54', '2022-07-11 21:19:02', 0),
(14, 'Rex', '99F5FCB8', '2022-07-11 21:36:00', '2022-07-11 21:36:12', 0),
(15, 'Luna', '33159002', '2022-07-11 21:36:19', '2022-07-11 21:39:20', 0),
(16, 'Luna', '33159002', '2022-07-11 23:07:04', '2022-07-11 23:07:30', 0),
(17, 'Luna', '33159002', '2022-07-11 23:07:44', '2022-07-11 23:07:57', 0),
(18, 'Luna', '33159002', '2022-07-12 00:47:03', '2022-07-12 00:47:46', 0),
(19, 'Luna', '33159002', '2022-07-12 00:48:14', '2022-07-12 01:09:18', 0),
(20, 'Luna', '33159002', '2022-07-12 16:21:49', '2022-07-12 16:21:52', 0),
(21, 'Rex', '99F5FCB8', '2022-07-12 16:21:55', '2022-07-12 16:22:00', 0),
(22, 'Rex', '99F5FCB8', '2022-07-12 16:23:11', '2022-07-12 16:23:15', 0),
(23, 'Luna', '33159002', '2022-07-12 16:23:27', '2022-07-12 16:23:34', 0),
(24, 'Luna', '33159002', '2022-07-12 16:24:02', '2022-07-12 16:24:05', 0),
(25, 'Rex', '99F5FCB8', '2022-07-12 16:24:12', '2022-07-12 16:24:16', 0),
(26, 'Rex', '99F5FCB8', '2022-07-12 16:29:25', '2022-07-12 16:29:30', 0),
(27, 'Rex', '99F5FCB8', '2022-07-12 16:29:41', '2022-07-12 16:29:46', 0),
(28, 'Rex', '99F5FCB8', '2022-07-12 16:33:18', '2022-07-12 16:33:24', 0),
(29, 'Rex', '99F5FCB8', '2022-07-12 16:33:35', '2022-07-12 16:33:40', 0),
(30, 'Rex', '99F5FCB8', '2022-07-12 16:47:00', '2022-07-12 16:47:20', 0),
(31, 'Rex', '99F5FCB8', '2022-07-12 16:47:34', '2022-07-12 16:47:45', 0),
(32, 'Luna', '33159002', '2022-07-12 19:07:49', '2022-07-12 19:08:06', 0),
(33, 'Luna', '33159002', '2022-07-12 20:28:57', '2022-07-12 20:29:10', 0),
(34, 'Luna', '33159002', '2022-07-12 20:29:41', '2022-07-12 20:29:50', 0),
(35, 'Rex', '99F5FCB8', '2022-07-12 20:30:40', '2022-07-12 20:31:04', 0),
(36, 'Rex', '99F5FCB8', '2022-07-12 20:32:03', '2022-07-12 20:32:25', 0),
(37, 'Rex', '99F5FCB8', '2022-07-12 20:32:40', '2022-07-12 20:32:50', 0),
(38, 'Luna', '33159002', '2022-07-12 20:30:02', '2022-07-12 20:37:00', 0),
(39, 'Luna', '33159002', '2022-07-12 20:37:12', '2022-07-12 20:37:19', 0),
(40, 'Rex', '99F5FCB8', '2022-07-12 20:47:24', '2022-07-12 20:47:33', 0),
(41, 'Rex', '99F5FCB8', '2022-07-12 20:47:49', '2022-07-12 20:47:58', 0),
(42, 'Rex', '99F5FCB8', '2022-07-12 20:55:09', '2022-07-12 20:55:18', 0),
(43, 'Rex', '99F5FCB8', '2022-07-12 20:55:30', '2022-07-12 20:55:38', 0),
(44, 'Rex', '99F5FCB8', '2022-07-12 21:01:05', '2022-07-12 21:01:21', 0),
(45, 'Rex', '99F5FCB8', '2022-07-12 21:02:56', '2022-07-12 21:03:04', 0),
(46, 'Rex', '99F5FCB8', '2022-07-12 21:06:47', '2022-07-12 21:06:55', 0),
(47, 'Rex', '99F5FCB8', '2022-07-12 21:08:43', '2022-07-12 21:08:53', 0),
(48, 'Rex', '99F5FCB8', '2022-07-12 21:09:05', '2022-07-12 21:09:38', 0),
(49, 'Rex', '99F5FCB8', '2022-07-12 21:09:56', '2022-07-12 21:10:08', 0),
(50, 'Rex', '99F5FCB8', '2022-07-12 21:10:24', '2022-07-12 21:11:10', 0),
(51, 'Rex', '99F5FCB8', '2022-07-12 21:11:21', '2022-07-12 21:11:30', 0),
(52, 'Rex', '99F5FCB8', '2022-07-12 21:11:53', '2022-07-12 21:12:13', 0),
(53, 'Rex', '99F5FCB8', '2022-07-12 21:12:23', '2022-07-12 21:12:30', 0),
(54, 'Rex', '99F5FCB8', '2022-07-12 21:12:40', '2022-07-12 21:12:52', 0),
(55, 'Rex', '99F5FCB8', '2022-07-12 21:13:04', '2022-07-12 21:13:54', 0),
(56, 'Rex', '99F5FCB8', '2022-07-12 22:43:49', '2022-07-12 22:44:05', 0),
(57, 'Rex', '99F5FCB8', '2022-07-12 22:45:10', '2022-07-12 22:45:23', 0),
(58, 'Rex', '99F5FCB8', '2022-07-12 22:48:55', '2022-07-12 22:49:08', 0),
(59, 'Rex', '99F5FCB8', '2022-07-12 22:49:19', '2022-07-12 22:49:32', 0),
(60, 'Rex', '99F5FCB8', '2022-07-12 22:51:07', '2022-07-12 22:51:28', 0),
(61, 'Rex', '99F5FCB8', '2022-07-12 22:51:40', '2022-07-12 22:51:50', 0),
(62, 'Rex', '99F5FCB8', '2022-07-12 23:23:37', '2022-07-12 23:23:48', 0),
(63, 'Rex', '99F5FCB8', '2022-07-12 23:24:00', '2022-07-12 23:26:53', 0),
(64, 'Rex', '99F5FCB8', '2022-07-12 23:27:06', '2022-07-12 23:27:14', 0),
(65, 'Rex', '99F5FCB8', '2022-07-12 23:28:28', '2022-07-12 23:28:38', 0),
(66, 'Rex', '99F5FCB8', '2022-07-12 23:29:31', '2022-07-12 23:29:39', 0),
(67, 'Rex', '99F5FCB8', '2022-07-12 23:30:14', '2022-07-12 23:30:25', 0),
(68, 'Rex', '99F5FCB8', '2022-07-12 23:31:49', '2022-07-12 23:31:57', 0),
(69, 'Rex', '99F5FCB8', '2022-07-12 23:34:30', '2022-07-12 23:34:38', 0),
(70, 'Rex', '99F5FCB8', '2022-07-12 23:36:01', '2022-07-12 23:36:09', 0),
(71, 'Rex', '99F5FCB8', '2022-07-12 23:36:35', '2022-07-12 23:36:43', 0),
(72, 'Rex', '99F5FCB8', '2022-07-12 23:37:45', '2022-07-12 23:37:53', 0),
(73, 'Rex', '99F5FCB8', '2022-07-12 23:38:23', '2022-07-12 23:38:31', 0),
(74, 'Rex', '99F5FCB8', '2022-07-12 23:40:19', '2022-07-12 23:40:27', 0),
(75, 'Rex', '99F5FCB8', '2022-07-12 23:41:30', '2022-07-12 23:41:38', 0),
(76, 'Rex', '99F5FCB8', '2022-07-12 23:58:14', '2022-07-12 23:58:25', 0),
(77, 'Rex', '99F5FCB8', '2022-07-13 05:00:10', '2022-07-13 05:00:22', 0),
(78, 'Rex', '99F5FCB8', '2022-07-13 05:07:47', '2022-07-13 05:07:58', 0),
(79, 'Rex', '99F5FCB8', '2022-07-13 05:08:11', '2022-07-13 05:08:18', 0),
(80, 'Rex', '99F5FCB8', '2022-07-13 05:08:40', '2022-07-13 05:08:46', 0),
(81, 'Rex', '99F5FCB8', '2022-07-13 05:16:29', '2022-07-13 05:16:50', 0),
(82, 'Rex', '99F5FCB8', '2022-07-13 05:17:05', '2022-07-13 05:17:13', 0),
(83, 'Rex', '99F5FCB8', '2022-07-13 05:24:06', '2022-07-13 05:24:14', 0),
(84, 'Rex', '99F5FCB8', '2022-07-13 05:24:43', '2022-07-13 05:24:51', 0),
(85, 'Rex', '99F5FCB8', '2022-07-13 05:34:15', '2022-07-13 05:34:25', 0),
(86, 'Rex', '99F5FCB8', '2022-07-13 05:35:02', '2022-07-13 05:35:10', 0),
(87, 'Rex', '99F5FCB8', '2022-07-13 05:36:21', '2022-07-13 05:36:30', 0),
(88, 'Rex', '99F5FCB8', '2022-07-13 05:36:54', '2022-07-13 05:37:10', 0),
(89, 'Rex', '99F5FCB8', '2022-07-13 05:37:28', '2022-07-13 05:37:38', 0),
(90, 'Rex', '99F5FCB8', '2022-07-13 05:37:59', '2022-07-13 05:38:12', 0),
(91, 'Rex', '99F5FCB8', '2022-07-13 05:38:55', '2022-07-13 05:39:05', 0),
(92, 'Rex', '99F5FCB8', '2022-07-13 05:50:04', '2022-07-13 05:50:19', 0),
(93, 'Rex', '99F5FCB8', '2022-07-13 05:50:32', '2022-07-13 05:50:50', 0),
(94, 'Rex', '99F5FCB8', '2022-07-13 05:51:13', '2022-07-13 05:51:22', 0),
(95, 'Rex', '99F5FCB8', '2022-07-13 05:52:39', '2022-07-13 05:52:49', 0),
(96, 'Rex', '99F5FCB8', '2022-07-13 05:59:12', '2022-07-13 05:59:22', 0),
(97, 'Rex', '99F5FCB8', '2022-07-13 06:01:15', '2022-07-13 06:01:22', 0),
(98, 'Rex', '99F5FCB8', '2022-07-13 06:02:51', '2022-07-13 06:02:58', 0),
(99, 'Rex', '99F5FCB8', '2022-07-13 06:09:56', '2022-07-13 06:10:10', 0),
(100, 'Rex', '99F5FCB8', '2022-07-13 06:14:38', '2022-07-13 06:14:46', 0),
(101, 'Rex', '99F5FCB8', '2022-07-13 06:15:39', '2022-07-13 06:15:49', 0),
(102, 'Rex', '99F5FCB8', '2022-07-13 06:21:27', '2022-07-13 06:21:35', 0),
(103, 'Rex', '99F5FCB8', '2022-07-13 06:31:54', '2022-07-13 06:32:05', 0),
(104, 'Rex', '99F5FCB8', '2022-07-13 07:01:25', '2022-07-13 07:01:32', 0),
(105, 'Rex', '99F5FCB8', '2022-07-13 07:03:35', '2022-07-13 07:03:44', 0),
(106, 'Rex', '99F5FCB8', '2022-07-13 07:07:04', '2022-07-13 07:07:11', 0),
(107, 'Rex', '99F5FCB8', '2022-07-13 07:10:05', '2022-07-13 07:10:13', 0),
(108, 'Rex', '99F5FCB8', '2022-07-13 07:15:16', '2022-07-13 07:15:23', 0),
(109, 'Rex', '99F5FCB8', '2022-07-13 07:15:33', '2022-07-13 07:15:43', 0),
(110, 'Rex', '99F5FCB8', '2022-07-13 07:17:31', '2022-07-13 07:17:39', 0),
(111, 'Rex', '99F5FCB8', '2022-07-13 07:18:22', '2022-07-13 07:18:30', 0),
(112, 'Rex', '99F5FCB8', '2022-07-13 07:25:07', '2022-07-13 07:25:15', 0),
(113, 'Rex', '99F5FCB8', '2022-07-13 07:32:34', '2022-07-13 07:32:41', 0),
(114, 'Rex', '99F5FCB8', '2022-07-13 07:32:51', '2022-07-13 07:32:59', 0),
(115, 'Rex', '99F5FCB8', '2022-07-13 07:35:09', '2022-07-13 07:35:10', 0),
(116, 'Rex', '99F5FCB8', '2022-07-13 07:35:23', '2022-07-13 07:35:25', 0),
(117, 'Rex', '99F5FCB8', '2022-07-13 07:35:38', '2022-07-13 07:35:48', 0),
(118, 'Rex', '99F5FCB8', '2022-07-13 07:40:46', '2022-07-13 07:40:54', 0),
(119, 'Rex', '99F5FCB8', '2022-07-13 07:43:20', '2022-07-13 07:43:28', 0),
(120, 'Rex', '99F5FCB8', '2022-07-13 15:33:45', '2022-07-13 15:33:56', 0),
(121, 'Rex', '99F5FCB8', '2022-07-13 15:34:58', '2022-07-13 15:35:06', 0),
(122, 'Rex', '99F5FCB8', '2022-07-13 15:35:36', '2022-07-13 15:35:50', 0),
(123, 'Rex', '99F5FCB8', '2022-07-13 15:44:30', '2022-07-13 15:44:40', 0),
(124, 'Rex', '99F5FCB8', '2022-07-13 15:46:37', '2022-07-13 15:46:51', 0),
(125, 'Rex', '99F5FCB8', '2022-07-13 15:47:06', '2022-07-13 15:47:13', 0),
(126, 'Luna', '33159002', '2022-07-13 15:47:21', '2022-07-13 15:47:34', 0),
(127, 'Luna', '33159002', '2022-07-13 15:47:48', '2022-07-13 15:47:54', 0),
(128, 'Rex', '99F5FCB8', '2022-07-13 15:48:19', '2022-07-13 15:48:30', 0),
(129, 'Luna', '33159002', '2022-07-13 15:50:16', '2022-07-13 15:50:21', 0),
(130, 'Luna', '33159002', '2022-07-13 15:52:53', '2022-07-13 15:52:55', 0),
(131, 'Luna', '33159002', '2022-07-13 15:54:29', '2022-07-13 15:54:35', 0),
(132, 'Luna', '33159002', '2022-07-13 15:58:56', '2022-07-13 15:59:02', 0),
(133, 'Luna', '33159002', '2022-07-13 15:59:17', '2022-07-13 15:59:25', 0),
(134, 'Luna', '33159002', '2022-07-13 16:03:51', '2022-07-13 16:03:55', 0),
(135, 'Luna', '33159002', '2022-07-13 16:05:10', '2022-07-13 16:05:17', 0),
(136, 'Luna', '33159002', '2022-07-13 16:06:24', '2022-07-13 16:06:40', 0),
(137, 'Luna', '33159002', '2022-07-13 16:12:28', '2022-07-13 16:12:43', 0),
(138, 'Luna', '33159002', '2022-07-13 16:22:08', '2022-07-13 16:22:17', 0),
(139, 'Luna', '33159002', '2022-07-13 16:23:46', '2022-07-13 16:23:54', 0),
(140, 'Luna', '33159002', '2022-07-13 16:24:24', '2022-07-13 16:24:32', 0),
(141, 'Luna', '33159002', '2022-07-13 16:30:49', '2022-07-13 16:30:57', 0),
(142, 'Luna', '33159002', '2022-07-13 16:31:38', '2022-07-13 16:31:47', 0),
(143, 'Luna', '33159002', '2022-07-13 16:33:53', '2022-07-13 16:33:55', 0),
(144, 'Luna', '33159002', '2022-07-13 16:34:14', '2022-07-13 16:34:22', 0),
(145, 'Luna', '33159002', '2022-07-13 16:40:18', '2022-07-13 16:40:25', 0),
(146, 'Luna', '33159002', '2022-07-13 16:41:04', '2022-07-13 16:41:12', 0),
(147, 'Luna', '33159002', '2022-07-13 16:53:08', '2022-07-13 16:54:14', 0),
(148, 'Luna', '33159002', '2022-07-13 16:54:28', '2022-07-13 16:54:38', 0),
(149, 'Luna', '33159002', '2022-07-13 18:33:17', '2022-07-13 18:33:26', 0),
(150, 'Luna', '33159002', '2022-07-13 18:34:09', '2022-07-13 18:34:20', 0),
(151, 'Luna', '33159002', '2022-07-13 18:34:52', '2022-07-13 18:35:03', 0),
(152, 'Luna', '33159002', '2022-07-13 18:35:13', '2022-07-13 18:35:22', 0),
(153, 'Luna', '33159002', '2022-07-13 18:35:34', '2022-07-13 18:35:45', 0),
(154, 'Luna', '33159002', '2022-07-14 21:17:05', '2022-07-14 21:18:23', 0),
(155, 'Luna', '33159002', '2022-07-14 21:18:52', '2022-07-14 21:19:07', 0),
(156, 'Rex', '99F5FCB8', '2022-07-14 21:21:35', '2022-07-14 21:21:48', 0),
(157, 'Rex', '99F5FCB8', '2022-07-14 21:22:20', '2022-07-14 21:22:30', 0),
(158, 'Luna', '33159002', '2022-07-14 21:41:42', '2022-07-14 21:41:55', 0),
(159, 'Rex', '99F5FCB8', '2022-07-14 21:42:19', '2022-07-14 21:42:31', 0),
(160, 'Rex', '99F5FCB8', '2022-07-14 21:43:09', '2022-07-14 21:43:21', 0),
(161, 'Rex', '99F5FCB8', '2022-07-14 21:43:40', '2022-07-14 21:43:49', 0),
(162, 'Luna', '33159002', '2022-07-14 22:10:04', '2022-07-14 22:10:12', 0),
(163, 'Luna', '33159002', '2022-07-14 22:11:31', '2022-07-14 22:11:42', 0),
(164, 'Rex', '99F5FCB8', '2022-07-14 23:12:56', '2022-07-14 23:13:04', 0),
(165, 'Rex', '99F5FCB8', '2022-07-14 23:14:01', '2022-07-14 23:14:12', 0),
(166, 'Rex', '99F5FCB8', '2022-07-14 23:35:06', '2022-07-14 23:35:15', 0),
(167, 'Luna', '33159002', '2022-07-14 23:52:06', '2022-07-14 23:52:17', 0),
(168, 'Luna', '33159002', '2022-07-14 23:52:41', '2022-07-14 23:52:44', 0),
(169, 'Rex', '99F5FCB8', '2022-07-14 23:52:53', '2022-07-14 23:53:12', 0),
(170, 'Rex', '99F5FCB8', '2022-07-15 00:13:54', '2022-07-15 00:13:58', 0),
(171, 'Rex', '99F5FCB8', '2022-07-15 00:21:00', '2022-07-15 00:21:04', 0),
(172, 'Rex', '99F5FCB8', '2022-07-15 00:22:46', '2022-07-15 00:22:58', 0),
(173, 'Rex', '99F5FCB8', '2022-07-15 00:24:27', '2022-07-15 00:24:36', 0),
(174, 'Rex', '99F5FCB8', '2022-07-15 00:25:48', '2022-07-15 00:25:56', 0),
(175, 'Luna', '33159002', '2022-07-15 03:24:54', '2022-07-15 03:25:00', 0),
(176, 'Rex', '99F5FCB8', '2022-07-15 03:25:47', '2022-07-15 03:25:56', 0),
(177, 'Rex', '99F5FCB8', '2022-07-15 03:32:05', '2022-07-15 03:32:13', 0),
(178, 'Rex', '99F5FCB8', '2022-07-15 03:33:46', '2022-07-15 03:33:52', 0),
(179, 'Rex', '99F5FCB8', '2022-07-15 03:42:48', '2022-07-15 03:43:02', 0),
(180, 'Rex', '99F5FCB8', '2022-07-15 03:44:44', '2022-07-15 03:44:52', 0),
(181, 'Rex', '99F5FCB8', '2022-07-15 04:15:12', '2022-07-15 04:15:22', 0),
(182, 'Rex', '99F5FCB8', '2022-07-15 04:24:21', '2022-07-15 04:25:27', 0),
(183, 'Rex', '99F5FCB8', '2022-07-15 04:25:57', '2022-07-15 04:26:05', 0),
(184, 'Rex', '99F5FCB8', '2022-07-15 04:33:25', '2022-07-15 04:33:33', 0),
(185, 'Rex', '99F5FCB8', '2022-07-15 04:33:46', '2022-07-15 04:33:58', 0),
(186, 'Rex', '99F5FCB8', '2022-07-15 04:35:31', '2022-07-15 04:35:39', 0),
(187, 'Rex', '99F5FCB8', '2022-07-15 04:36:35', '2022-07-15 04:36:42', 0),
(188, 'Luna', '33159002', '2022-07-15 04:36:55', '2022-07-15 04:37:00', 0),
(189, 'Luna', '33159002', '2022-07-15 04:37:15', '2022-07-15 04:37:20', 0),
(190, 'Luna', '33159002', '2022-07-15 04:37:33', '2022-07-15 04:37:37', 0),
(191, 'Rex', '99F5FCB8', '2022-07-15 04:47:45', '2022-07-15 04:48:03', 0),
(192, 'Rex', '99F5FCB8', '2022-07-15 04:48:19', '2022-07-15 04:48:29', 0),
(193, 'Luna', '33159002', '2022-07-15 05:03:53', '2022-07-15 05:04:01', 0),
(195, 'Rex', '99F5FCB8', '2022-07-15 05:33:41', '2022-07-15 05:33:52', 0),
(196, 'Luna', '33159002', '2022-07-15 05:34:58', '2022-07-15 05:35:07', 0),
(197, 'Rex', '99F5FCB8', '2022-07-15 05:36:36', '2022-07-15 05:36:49', 0),
(198, 'Rex', '99F5FCB8', '2022-07-15 05:37:13', '2022-07-15 05:37:21', 0),
(199, 'Rex', '99F5FCB8', '2022-07-15 05:38:22', '2022-07-15 05:38:30', 0),
(200, 'Luna', '33159002', '2022-07-15 05:43:44', '2022-07-15 05:43:50', 0),
(201, 'Luna', '33159002', '2022-07-15 05:47:09', '2022-07-15 05:47:14', 0),
(202, 'Luna', '33159002', '2022-07-15 05:48:16', '2022-07-15 05:48:20', 66),
(203, 'Rex', '99F5FCB8', '2022-07-15 05:48:40', '2022-07-15 05:48:47', 66),
(204, 'Rex', '99F5FCB8', '2022-07-15 05:49:25', '2022-07-15 05:49:34', 144),
(205, 'Luna', '33159002', '2022-07-15 05:51:28', '2022-07-15 05:51:32', 144),
(206, 'Luna', '33159002', '2022-07-15 05:57:39', '2022-07-15 05:57:47', 63),
(207, 'Rex', '99F5FCB8', '2022-07-15 06:22:07', '2022-07-15 06:22:19', 0),
(208, 'Luna', '33159002', '2022-07-15 06:25:11', '2022-07-15 06:25:17', 29),
(209, 'Luna', '33159002', '2022-07-15 06:25:30', '2022-07-15 06:25:37', 29),
(210, 'Luna', '33159002', '2022-07-15 06:26:29', '2022-07-15 06:26:35', 2),
(211, 'Rex', '99F5FCB8', '2022-07-15 06:27:04', '2022-07-15 06:27:15', 207),
(212, 'Luna', '33159002', '2022-07-15 06:30:45', '2022-07-15 06:30:51', 29),
(213, 'Rex', '99F5FCB8', '2022-07-15 06:34:25', '2022-07-15 06:34:32', 29),
(214, 'Rex', '99F5FCB8', '2022-07-15 06:46:01', '2022-07-15 06:46:37', 89),
(215, 'Luna', '33159002', '2022-07-15 14:01:37', '2022-07-15 14:01:54', 0),
(216, 'Rex', '99F5FCB8', '2022-07-15 14:02:01', '2022-07-15 14:02:12', 0),
(217, 'Rex', '99F5FCB8', '2022-07-15 14:03:09', '2022-07-15 14:03:13', 0),
(218, 'Luna', '33159002', '2022-07-15 14:03:18', '2022-07-15 14:03:42', 0),
(219, 'Rex', '99F5FCB8', '2022-07-15 14:06:06', '2022-07-15 14:06:25', 0),
(220, 'Rex', '99F5FCB8', '2022-07-15 14:08:47', '2022-07-15 14:09:03', 0),
(221, 'Luna', '33159002', '2022-07-15 14:09:13', '2022-07-15 14:09:20', 0),
(222, 'Rex', '99F5FCB8', '2022-07-15 14:09:25', '2022-07-15 14:09:30', 0),
(223, 'Rex', '99F5FCB8', '2022-07-15 14:15:25', '2022-07-15 14:16:13', 0),
(224, 'Luna', '33159002', '2022-07-15 14:18:57', '2022-07-15 14:20:05', 0),
(225, 'Rex', '99F5FCB8', '2022-07-15 14:16:23', '2022-07-15 14:20:09', 0),
(226, 'Luna', '33159002', '2022-07-15 14:20:44', '2022-07-15 14:20:55', 0),
(227, 'Rex', '99F5FCB8', '2022-07-15 14:20:41', '2022-07-15 14:20:57', 0),
(228, 'Luna', '33159002', '2022-07-15 14:23:18', '2022-07-15 14:23:40', 0),
(229, 'Rex', '99F5FCB8', '2022-07-15 14:23:17', '2022-07-15 14:23:43', 0),
(230, 'Rex', '99F5FCB8', '2022-07-15 14:25:04', '2022-07-15 14:25:12', 0);

-- --------------------------------------------------------

--
-- Estructura de tabla para la tabla `perros`
--

CREATE TABLE `perros` (
  `identificador` int(11) NOT NULL,
  `id` varchar(255) NOT NULL,
  `nombre` varchar(255) NOT NULL,
  `foto` varchar(255) NOT NULL,
  `sexo` enum('Macho','Hembra') NOT NULL,
  `raza` varchar(255) NOT NULL,
  `edad` int(11) NOT NULL,
  `peso` int(11) NOT NULL,
  `racion` int(11) NOT NULL,
  `turnos` int(11) NOT NULL,
  `cooldown` int(11) NOT NULL,
  `veces` varchar(255) NOT NULL,
  `ultimaEntrada` timestamp NOT NULL DEFAULT current_timestamp(),
  `ultimaSalida` timestamp NOT NULL DEFAULT current_timestamp(),
  `entro` tinyint(1) NOT NULL
) ENGINE=InnoDB DEFAULT CHARSET=utf8mb4;

--
-- Volcado de datos para la tabla `perros`
--

INSERT INTO `perros` (`identificador`, `id`, `nombre`, `foto`, `sexo`, `raza`, `edad`, `peso`, `racion`, `turnos`, `cooldown`, `veces`, `ultimaEntrada`, `ultimaSalida`, `entro`) VALUES
(173, '99F5FCB8', 'Rex', 'doberman.jpg', 'Macho', 'Doberman', 8, 30, 5000000, 50000, 3, '34', '2022-07-15 14:25:04', '2022-07-15 14:25:12', 0),
(176, '33159002', 'Luna', 'mascotas-perros-razas-caniche-668x400x80xX.jpg', 'Hembra', 'Caniche', 23, 2, 50000000, 1000000, 3, '21', '2022-07-15 14:23:18', '2022-07-15 14:23:40', 0);

-- --------------------------------------------------------

--
-- Estructura de tabla para la tabla `usuarios`
--

CREATE TABLE `usuarios` (
  `id` int(11) NOT NULL,
  `user` varchar(255) NOT NULL,
  `email` text NOT NULL,
  `pass` varchar(255) NOT NULL,
  `rol` tinyint(4) NOT NULL,
  `estado` tinyint(1) NOT NULL,
  `creado` timestamp NOT NULL DEFAULT current_timestamp()
) ENGINE=InnoDB DEFAULT CHARSET=utf8mb4;

--
-- Volcado de datos para la tabla `usuarios`
--

INSERT INTO `usuarios` (`id`, `user`, `email`, `pass`, `rol`, `estado`, `creado`) VALUES
(1, 'gaston', 'gastonmourelle99@gmail.com', 'dispensadorm2', 1, 0, '2022-07-03 06:23:19'),
(14, 'luis', 'luis@kjasd.com', 'luis', 0, 0, '2022-07-04 23:02:28'),
(15, 'mourelle', 'gbhf@gmail.com', 'mourelle', 0, 0, '2022-07-12 01:25:28');

--
-- Índices para tablas volcadas
--

--
-- Indices de la tabla `logs`
--
ALTER TABLE `logs`
  ADD PRIMARY KEY (`identificador`);

--
-- Indices de la tabla `perros`
--
ALTER TABLE `perros`
  ADD PRIMARY KEY (`identificador`);

--
-- Indices de la tabla `usuarios`
--
ALTER TABLE `usuarios`
  ADD PRIMARY KEY (`id`);

--
-- AUTO_INCREMENT de las tablas volcadas
--

--
-- AUTO_INCREMENT de la tabla `logs`
--
ALTER TABLE `logs`
  MODIFY `identificador` int(11) NOT NULL AUTO_INCREMENT, AUTO_INCREMENT=231;

--
-- AUTO_INCREMENT de la tabla `perros`
--
ALTER TABLE `perros`
  MODIFY `identificador` int(11) NOT NULL AUTO_INCREMENT, AUTO_INCREMENT=183;

--
-- AUTO_INCREMENT de la tabla `usuarios`
--
ALTER TABLE `usuarios`
  MODIFY `id` int(11) NOT NULL AUTO_INCREMENT, AUTO_INCREMENT=16;
COMMIT;

/*!40101 SET CHARACTER_SET_CLIENT=@OLD_CHARACTER_SET_CLIENT */;
/*!40101 SET CHARACTER_SET_RESULTS=@OLD_CHARACTER_SET_RESULTS */;
/*!40101 SET COLLATION_CONNECTION=@OLD_COLLATION_CONNECTION */;
